{"name":"4a4a4847-2332-4ae8-8dae-767f88139c4c","id":"/providers/Microsoft.Flow/flows/4a4a4847-2332-4ae8-8dae-767f88139c4c","type":"Microsoft.Flow/flows","properties":{"apiId":"/providers/Microsoft.PowerApps/apis/shared_logicflows","displayName":"Add Users to Team","definition":{"metadata":{"workflowEntityId":null,"creator":{"id":"caea413b-f7a3-432d-a835-51efffbc032e","type":"User","tenantId":"a8f353a1-e679-4159-ac04-e99ae6a497c9"},"provisioningMethod":"FromDefinition","failureAlertSubscription":true,"clientLastModifiedTime":"2020-04-05T00:25:04.5098246Z"},"$schema":"https://schema.management.azure.com/providers/Microsoft.Logic/schemas/2016-06-01/workflowdefinition.json#","contentVersion":"1.0.0.0","parameters":{"$connections":{"defaultValue":{},"type":"Object"},"$authentication":{"defaultValue":{},"type":"SecureObject"}},"triggers":{"manual":{"type":"Request","kind":"Button","inputs":{"schema":{"type":"object","properties":{},"required":[]}}}},"actions":{"List_rows_present_in_a_table":{"runAfter":{},"metadata":{"01TXAUR3EPQKJECXSEUBE3YRTD7KPE7534":"/Excel with Users.xlsx","flowSystemMetadata":{"swaggerOperationId":"GetItems"}},"type":"ApiConnection","inputs":{"host":{"connection":{"name":"@json(decodeBase64(triggerOutputs().headers['X-MS-APIM-Tokens']))['$connections']['shared_excelonlinebusiness']['connectionId']"},"api":{"runtimeUrl":"https://unitedstates-002.azure-apim.net/apim/excelonlinebusiness"}},"method":"get","path":"/drives/@{encodeURIComponent('b!OWzpJTgk40yOVa_d3kmVu4Nt-hiRWwFDiHskJ_s1FcxSa9IDzX-mSL4Mju3TQ6Wk')}/files/@{encodeURIComponent('01TXAUR3EPQKJECXSEUBE3YRTD7KPE7534')}/tables/@{encodeURIComponent('{819B85A5-314B-4181-9F22-E4BB7A2A8CCD}')}/items","queries":{"source":"me"},"authentication":{"type":"Raw","value":"@json(decodeBase64(triggerOutputs().headers['X-MS-APIM-Tokens']))['$ConnectionKey']"}}},"Apply_to_each":{"foreach":"@body('List_rows_present_in_a_table')?['value']","actions":{"Add_member_to_group":{"runAfter":{},"metadata":{"flowSystemMetadata":{"swaggerOperationId":"AddMemberToGroup"}},"type":"ApiConnection","inputs":{"host":{"connection":{"name":"@json(decodeBase64(triggerOutputs().headers['X-MS-APIM-Tokens']))['$connections']['shared_office365groups']['connectionId']"},"api":{"runtimeUrl":"https://unitedstates-002.azure-apim.net/apim/office365groups"}},"method":"post","path":"/v1.0/groups/@{encodeURIComponent('81309151-8604-41b4-9c4e-3c59eb9b43f7')}/members/$ref","queries":{"userUpn":"@items('Apply_to_each')?['Email']"},"authentication":{"type":"Raw","value":"@json(decodeBase64(triggerOutputs().headers['X-MS-APIM-Tokens']))['$ConnectionKey']"}}}},"runAfter":{"List_rows_present_in_a_table":["Succeeded"]},"type":"Foreach"}}},"connectionReferences":{"shared_excelonlinebusiness":{"connectionName":"shared-excelonlinebu-938785fa-e59b-473b-88ed-f408ea168e76","source":"Invoker","id":"/providers/Microsoft.PowerApps/apis/shared_excelonlinebusiness","tier":"NotSpecified"},"shared_office365groups":{"connectionName":"shared-office365grou-28db438b-7957-4deb-9c8f-e5f0cc9ebb00","source":"Invoker","id":"/providers/Microsoft.PowerApps/apis/shared_office365groups","tier":"NotSpecified"}},"flowFailureAlertSubscribed":false}}